title,price,address,rooms,area,floor,total_floors,dormitory,residential_complex
3-комнатная квартира · 109.7 м² · 2/3 этаж,98 000 000〒,"Бостандыкский р-н, мкр Ерменсай, Арайлы",3-комнатная квартира,109.7 м²,2,3,Нет,Да
2-комнатная квартира · 51.1 м² · 9 этаж,38 000 000〒,"Бостандыкский р-н, Жандосова 94А — Тимирязева",2-комнатная квартира,51.1 м²,,,Нет,Да
3-комнатная квартира · 122.8 м² · 7/8 этаж,185 000 000〒,"Бостандыкский р-н, Радостовца 333",3-комнатная квартира,122.8 м²,7,8,Нет,Да
2-комнатная квартира · 55 м² · 6/17 этаж,46 900 000〒,"Бостандыкский р-н, Жандосова — Басенова",2-комнатная квартира,55 м²,6,17,Нет,Да
3-комнатная квартира · 65 м² · 1/3 этаж,60 000 000〒,"Бостандыкский р-н, мкр Мирас, Мкр Рахат, Култобе 12",3-комнатная квартира,65 м²,1,3,Нет,Нет
3-комнатная квартира · 100 м² · 12/16 этаж,96 000 000〒,"Бостандыкский р-н, Сатпаева — АДК",3-комнатная квартира,100 м²,12,16,Нет,Да
2-комнатная квартира · 43.9 м² · 2/4 этаж,38 000 000〒,"Бостандыкский р-н, Байтұрсынова 169",2-комнатная квартира,43.9 м²,2,4,Нет,Нет
1-комнатная квартира · 55.45 м² · 4/9 этаж,55 000 000〒,"Бостандыкский р-н, 118 6",1-комнатная квартира,55.45 м²,4,9,Нет,Да
4-комнатная квартира · 100 м² · 5/5 этаж,71 000 000〒,"Бостандыкский р-н, Сатпаева 56 — Айманова",4-комнатная квартира,100 м²,5,5,Нет,Нет
3-комнатная квартира · 105.3 м² · 5/13 этаж,86 900 000〒,"Бостандыкский р-н, Ходжанова 77/5 — проспект Аль-Фараби",3-комнатная квартира,105.3 м²,5,13,Нет,Да
2-комнатная квартира · 58 м² · 2/3 этаж,48 500 000〒,"Бостандыкский р-н, Мкрн. Нурлытау 932",2-комнатная квартира,58 м²,2,3,Нет,Да
1-комнатная квартира · 40 м² · 3/9 этаж,36 000 000〒,"Бостандыкский р-н, проспект Аль-Фараби — Навои",1-комнатная квартира,40 м²,3,9,Нет,Нет
3-комнатная квартира · 54 м² · 2/2 этаж,36 500 000〒,"Бостандыкский р-н, бульвар Бухар жырау — бульвар Бухар жырау Байтурсынова",3-комнатная квартира,54 м²,2,2,Нет,Нет
1-комнатная квартира · 31.5 м² · 11/13 этаж,28 500 000〒,"Бостандыкский р-н, Журавлева 26",1-комнатная квартира,31.5 м²,11,13,Нет,Да
2-комнатная квартира · 51.9 м² · 9/17 этаж,50 000 000〒,"Бостандыкский р-н, Жандосова 94А",2-комнатная квартира,51.9 м²,9,17,Нет,Да
4-комнатная квартира · 149 м² · 8/16 этаж,119 900 000〒,"Бостандыкский р-н, мкр Керемет — Тимирязева Сейфулина",4-комнатная квартира,149 м²,8,16,Нет,Нет
1-комнатная квартира · 40.8 м² · 3/9 этаж,33 000 000〒,"Бостандыкский р-н, мкр Алмагуль 45 — Жарокова/Левитана",1-комнатная квартира,40.8 м²,3,9,Нет,Нет
3-комнатная квартира · 97.7 м² · 14/16 этаж,96 000 000〒,"Бостандыкский р-н, Гагарина 233",3-комнатная квартира,97.7 м²,14,16,Нет,Да
2-комнатная квартира · 44.4 м² · 20/20 этаж,43 000 000〒,"Бостандыкский р-н, мкр Алмагуль, Гагарина 310 — Блок 5",2-комнатная квартира,44.4 м²,20,20,Нет,Да
3-комнатная квартира · 68 м² · 2/5 этаж,61 000 000〒,"Бостандыкский р-н, Вахтангова 21 — Тимирязева Жандосова",3-комнатная квартира,68 м²,2,5,Нет,Нет
3-комнатная квартира · 91 м² · 1/3 этаж,110 000 000〒,"Бостандыкский р-н, мкр Нурлытау (Энергетик), Розажаманова 118",3-комнатная квартира,91 м²,1,3,Нет,Да
4-комнатная квартира · 112 м² · 7/16 этаж,73 999 999〒,"Бостандыкский р-н, Жандосова 94А — Розабакиева уг Утепова",4-комнатная квартира,112 м²,7,16,Нет,Да
3-комнатная квартира · 94 м² · 19/21 этаж,72 999 999〒,"Бостандыкский р-н, Гагарина 133Б",3-комнатная квартира,94 м²,19,21,Нет,Да
4-комнатная квартира · 129 м² · 10/13 этаж,120 000 000〒,"Бостандыкский р-н, Минина 24",4-комнатная квартира,129 м²,10,13,Нет,Да
2-комнатная квартира · 56 м² · 6/12 этаж,53 500 000〒,"Бостандыкский р-н, Торайгырова 19 — Мустафина",2-комнатная квартира,56 м²,6,12,Нет,Да
2-комнатная квартира · 54.5 м² · 2/3 этаж,50 000 000〒,"Бостандыкский р-н, мкр Нур Алатау, 13-я 138/2 — Салыкова",2-комнатная квартира,54.5 м²,2,3,Нет,Да
4-комнатная квартира · 122.5 м² · 7/12 этаж,159 250 000〒,"Бостандыкский р-н, Минина 10",4-комнатная квартира,122.5 м²,7,12,Нет,Да
3-комнатная квартира · 91 м² · 2/3 этаж,145 000 000〒,"Бостандыкский р-н, Каппарова 187",3-комнатная квартира,91 м²,2,3,Нет,Да
2-комнатная квартира · 72.3 м² · 15/16 этаж,64 000 000〒,"Бостандыкский р-н, Радостовца 124",2-комнатная квартира,72.3 м²,15,16,Нет,Да
2-комнатная квартира · 38.8 м² · 5/12 этаж,46 000 000〒,"Бостандыкский р-н, Розыбакиева — Сатпаева",2-комнатная квартира,38.8 м²,5,12,Нет,Да
4-комнатная квартира · 200 м² · 2/3 этаж,130 000 000〒,"Бостандыкский р-н, мкр Нур Алатау 1839 — Возле школы ""Tamos Education""",4-комнатная квартира,200 м²,2,3,Нет,Нет
3-комнатная квартира · 111 м² · 11/14 этаж,129 000 000〒,"Бостандыкский р-н, Гагарина 277/7",3-комнатная квартира,111 м²,11,14,Нет,Да
3-комнатная квартира · 94 м² · 1/14 этаж,80 000 000〒,"Бостандыкский р-н, Масанчи 98б — Пр. Абая - Масанчи",3-комнатная квартира,94 м²,1,14,Нет,Да
2-комнатная квартира · 48 м² · 5/12 этаж,46 500 000〒,"Бостандыкский р-н, Торайгырова 21/1 — Мустафина",2-комнатная квартира,48 м²,5,12,Нет,Да
2-комнатная квартира · 58 м² · 8/21 этаж,86 000 000〒,"Бостандыкский р-н, Аль-Фараби 21/2 — Сейфуллина",2-комнатная квартира,58 м²,8,21,Нет,Да
4-комнатная квартира · 150 м² · 8/9 этаж,135 000 000〒,"Бостандыкский р-н, Аскарова Асанбая 21",4-комнатная квартира,150 м²,8,9,Нет,Да
2-комнатная квартира · 45 м² · 4/5 этаж,29 500 000〒,"Бостандыкский р-н, мкр Орбита-1 28",2-комнатная квартира,45 м²,4,5,Нет,Нет
1-комнатная квартира · 55.14 м² · 2/3 этаж,35 500 000〒,"Бостандыкский р-н, Арайлы 1в — Лучшая цена дешевле чем у застройщика",1-комнатная квартира,55.14 м²,2,3,Нет,Да
2-комнатная квартира · 77.2 м² · 10/20 этаж,71 000 000〒,"Бостандыкский р-н, Ергожина — Ергожина-АльФараби",2-комнатная квартира,77.2 м²,10,20,Нет,Да
5-комнатная квартира · 200 м² · 2/3 этаж,130 000 000〒,"Бостандыкский р-н, мкр Нур Алатау 1839 — Возле школы ""Tamos Education""",5-комнатная квартира,200 м²,2,3,Нет,Нет
1-комнатная квартира · 38.5 м² · 7/13 этаж,28 000 000〒,"Бостандыкский р-н, Журавлева 26",1-комнатная квартира,38.5 м²,7,13,Нет,Да
4-комнатная квартира · 88.6 м² · 5/5 этаж,53 500 000〒,"Бостандыкский р-н, Вахтангова — Тимирязева - Жандосова",4-комнатная квартира,88.6 м²,5,5,Нет,Нет
2-комнатная квартира · 81 м² · 9/14 этаж,75 600 000〒,"Бостандыкский р-н, Айманова 140\Б3",2-комнатная квартира,81 м²,9,14,Нет,Да
4-комнатная квартира · 100 м² · 13/16 этаж,93 000 000〒,"Бостандыкский р-н, Тлендиева 133 — Сатпаева 133/7",4-комнатная квартира,100 м²,13,16,Нет,Да
2-комнатная квартира · 51 м² · 5/5 этаж,42 000 000〒,"Бостандыкский р-н, мкр Алмагуль — улица Жарокова пересечение Дунаевского",2-комнатная квартира,51 м²,5,5,Нет,Нет
4-комнатная квартира · 105.5 м² · 5/10 этаж,104 500 000〒,"Бостандыкский р-н, Шолом-Алейхема 5 — Коктем 1",4-комнатная квартира,105.5 м²,5,10,Нет,Да
4-комнатная квартира · 240 м² · 6/9 этаж,180 000 000〒,"Бостандыкский р-н, Аль-Фараби",4-комнатная квартира,240 м²,6,9,Нет,Нет
2-комнатная квартира · 75 м² · 4/4 этаж,89 500 000〒,"Бостандыкский р-н, Сыргабекова 55",2-комнатная квартира,75 м²,4,4,Нет,Да
2-комнатная квартира · 55 м² · 12/18 этаж,43 900 000〒,"Бостандыкский р-н, Жандосова",2-комнатная квартира,55 м²,12,18,Нет,Да
3-комнатная квартира · 82 м² · 13/15 этаж,76 000 000〒,"Бостандыкский р-н, Жандосова 94А",3-комнатная квартира,82 м²,13,15,Нет,Да
3-комнатная квартира · 81 м² · 5/20 этаж,94 000 000〒,"Бостандыкский р-н, Гагарина 310/1",3-комнатная квартира,81 м²,5,20,Нет,Да
3-комнатная квартира · 78 м² · 16/19 этаж,74 950 000〒,"Бостандыкский р-н, Абая — Брусиловского",3-комнатная квартира,78 м²,16,19,Нет,Да
2-комнатная квартира · 90 м² · 8/18 этаж,65 000 000〒,"Бостандыкский р-н, Гагарина — Мынбаева Радостовца",2-комнатная квартира,90 м²,8,18,Нет,Да
1-комнатная квартира · 45 м² · 2/18 этаж,44 000 000〒,"Бостандыкский р-н, Солодовникова 23",1-комнатная квартира,45 м²,2,18,Нет,Да
3-комнатная квартира · 70 м² · 5/9 этаж,61 999 000〒,"Бостандыкский р-н, Розыбакиева — Аль-Фараби рядом с ТРЦ ""MEGA""",3-комнатная квартира,70 м²,5,9,Нет,Нет
4-комнатная квартира · 169.7 м² · 4/4 этаж,180 000 000〒,"Бостандыкский р-н, Арайлы 20/1",4-комнатная квартира,169.7 м²,4,4,Нет,Да
3-комнатная квартира · 85 м² · 11/20 этаж,99 000 000〒,"Бостандыкский р-н, Гагарина 310",3-комнатная квартира,85 м²,11,20,Нет,Да
4-комнатная квартира · 175 м² · 3/19 этаж,130 000 000〒,"Бостандыкский р-н, Сатпаева — Байтурсынова",4-комнатная квартира,175 м²,3,19,Нет,Да
3-комнатная квартира · 100 м² · 8/14 этаж,75 000 000〒,"Бостандыкский р-н, Торайгырова 25",3-комнатная квартира,100 м²,8,14,Нет,Да
3-комнатная квартира · 135 м² · 7/7 этаж,119 000 000〒,"Бостандыкский р-н, мкр Мирас, Мкр. Мирас 157",3-комнатная квартира,135 м²,7,7,Нет,Да
3-комнатная квартира · 136.1 м² · 6/7 этаж,102 075 000〒,"Бостандыкский р-н, мкр Мирас, Мкр. Мирас 157 — Аскарова-Аль-Фараби",3-комнатная квартира,136.1 м²,6,7,Нет,Да
3-комнатная квартира · 133 м² · 7/7 этаж,99 750 000〒,"Бостандыкский р-н, мкр Мирас, Мкр. Мирас 157 — Аль-Фараби-Аскарова",3-комнатная квартира,133 м²,7,7,Нет,Да
4-комнатная квартира · 82.1 м² · 3/8 этаж,80 500 000〒,"Бостандыкский р-н, Арайлы 12",4-комнатная квартира,82.1 м²,3,8,Нет,Да
4-комнатная квартира · 122.5 м² · 7/12 этаж,159 250 000〒,"Бостандыкский р-н, Минина — Доп скидка за нал будет",4-комнатная квартира,122.5 м²,7,12,Нет,Да
3-комнатная квартира · 106.2 м² · 3/5 этаж,85 000 000〒,"Бостандыкский р-н, 20 Линия 198",3-комнатная квартира,106.2 м²,3,5,Нет,Нет
1-комнатная квартира · 30 м² · 9/16 этаж,33 000 000〒,"Бостандыкский р-н, Жандосова — Ул 20 линия",1-комнатная квартира,30 м²,9,16,Нет,Да
2-комнатная квартира · 54 м² · 14/16 этаж,53 000 000〒,"Бостандыкский р-н, Утепова 31",2-комнатная квартира,54 м²,14,16,Нет,Да
2-комнатная квартира · 52.3 м² · 7 этаж,48 000 000〒,"Бостандыкский р-н, Розыбакиева",2-комнатная квартира,52.3 м²,,,Нет,Нет
3-комнатная квартира · 91 м² · 1/3 этаж,75 000 000〒,"Бостандыкский р-н, мкр Нур Алатау, Какимбек Салыков 42",3-комнатная квартира,91 м²,1,3,Нет,Да
3-комнатная квартира · 113 м² · 11/16 этаж,130 000 000〒,"Бостандыкский р-н, Егизбаева 5к1",3-комнатная квартира,113 м²,11,16,Нет,Да
2-комнатная квартира · 66 м² · 12 этаж,65 000 000〒,"Бостандыкский р-н, Тлендиева 133 — Сатпаева",2-комнатная квартира,66 м²,,,Нет,Да
2-комнатная квартира · 65 м² · 14/16 этаж,72 000 000〒,"Бостандыкский р-н, Гагарина 233",2-комнатная квартира,65 м²,14,16,Нет,Да
3-комнатная квартира · 68 м² · 6/10 этаж,53 000 000〒,"Бостандыкский р-н, Кенесары хана 54",3-комнатная квартира,68 м²,6,10,Нет,Да
2-комнатная квартира · 61.9 м² · 1/14 этаж,59 000 000〒,"Бостандыкский р-н, Масанчи 98а — Абая- Массанчи",2-комнатная квартира,61.9 м²,1,14,Нет,Да
4-комнатная квартира · 221.66 м² · 1/3 этаж,138 000 000〒,"Бостандыкский р-н, мкр Нурлытау (Энергетик), Газиза Жубанова 26/1",4-комнатная квартира,221.66 м²,1,3,Нет,Да
3-комнатная квартира · 113.2 м² · 6/19 этаж,155 000 000〒,"Бостандыкский р-н, Аль-Фараби 41 — Аль-Фараби / Сейфуллина",3-комнатная квартира,113.2 м²,6,19,Нет,Да
2-комнатная квартира · 65 м² · 3/12 этаж,67 000 000〒,"Бостандыкский р-н, Ходжанова 57/5",2-комнатная квартира,65 м²,3,12,Нет,Да
3-комнатная квартира · 125.4 м² · 6/6 этаж,120 500 000〒,"Бостандыкский р-н, Рахмадиева 2/1",3-комнатная квартира,125.4 м²,6,6,Нет,Да
2-комнатная квартира · 86 м² · 15/20 этаж,81 500 000〒,"Бостандыкский р-н, Гагарина",2-комнатная квартира,86 м²,15,20,Нет,Да
2-комнатная квартира · 45 м² · 1/4 этаж,35 000 000〒,"Бостандыкский р-н, мкр Коктем-1 13",2-комнатная квартира,45 м²,1,4,Нет,Нет
4-комнатная квартира · 155 м² · 2/6 этаж,245 000 000〒,"Бостандыкский р-н, Мкр «Мирас» — Presidents park",4-комнатная квартира,155 м²,2,6,Нет,Да
1-комнатная квартира · 42 м² · 5/5 этаж,29 000 000〒,"Бостандыкский р-н, Розыбакиева — Выше Тимерязева",1-комнатная квартира,42 м²,5,5,Нет,Нет
3-комнатная квартира · 80.6 м² · 3/16 этаж,53 000 000〒,"Бостандыкский р-н, Жандосова 94А",3-комнатная квартира,80.6 м²,3,16,Нет,Да
3-комнатная квартира · 85 м² · 1/12 этаж,72 000 000〒,"Бостандыкский р-н, Сатпаева 90/36 — Район АДК",3-комнатная квартира,85 м²,1,12,Нет,Да
3-комнатная квартира · 58.4 м² · 3/4 этаж,40 500 000〒,"Бостандыкский р-н, мкр Алмагуль, ул. Жарокова 217 — По ул. Жарокова выше Тимирязева",3-комнатная квартира,58.4 м²,3,4,Нет,Нет
3-комнатная квартира · 117 м² · 7/15 этаж,87 500 000〒,"Бостандыкский р-н, Хусаинова 225 — Розыбакиева",3-комнатная квартира,117 м²,7,15,Нет,Да
3-комнатная квартира · 110 м² · 19/20 этаж,90 000 000〒,"Бостандыкский р-н, Гагарина 310 — Аль-фараби",3-комнатная квартира,110 м²,19,20,Нет,Да
2-комнатная квартира · 77 м² · 12/15 этаж,71 000 000〒,"Бостандыкский р-н, Егизбаева 5",2-комнатная квартира,77 м²,12,15,Нет,Да
3-комнатная квартира · 105.3 м² · 13/16 этаж,105 000 000〒,"Бостандыкский р-н, Гагарина проспект 124 — Абая/Гагарина",3-комнатная квартира,105.3 м²,13,16,Нет,Да
3-комнатная квартира · 90 м² · 6/19 этаж,110 000 000〒,"Бостандыкский р-н, Аль-Фараби 41 — Аль Фараби Сейфуллина",3-комнатная квартира,90 м²,6,19,Нет,Да
3-комнатная квартира · 73 м² · 5/12 этаж,75 000 000〒,"Бостандыкский р-н, Навои 200 — Горячая цена",3-комнатная квартира,73 м²,5,12,Нет,Да
3-комнатная квартира · 50.3 м² · 2/3 этаж,40 000 000〒,"Бостандыкский р-н, мкр Ерменсай, Университетская 7",3-комнатная квартира,50.3 м²,2,3,Да,Нет
1-комнатная квартира · 20.4 м² · 2/4 этаж,14 000 000〒,"Бостандыкский р-н, Жандосова 42 — Айманова",1-комнатная квартира,20.4 м²,2,4,Нет,Нет
2-комнатная квартира · 48 м² · 4/4 этаж,35 000 000〒,"Бостандыкский р-н, Навои — Аль-фараби",2-комнатная квартира,48 м²,4,4,Нет,Нет
3-комнатная квартира · 68.7 м² · 5/18 этаж,66 900 000〒,"Бостандыкский р-н, Навои 208/6 — Торайгырова - Навои",3-комнатная квартира,68.7 м²,5,18,Нет,Да
3-комнатная квартира · 150 м² · 11/15 этаж,108 000 000〒,"Бостандыкский р-н, мкр Керемет 5 к19",3-комнатная квартира,150 м²,11,15,Нет,Да
3-комнатная квартира · 134 м² · 1/5 этаж,138 000 000〒,"Бостандыкский р-н, мкр Мирас, Мкр. Мирас 157",3-комнатная квартира,134 м²,1,5,Нет,Да
3-комнатная квартира · 80.8 м² · 2/3 этаж,56 964 000〒,"Бостандыкский р-н, мкр Ерменсай, Талды 59",3-комнатная квартира,80.8 м²,2,3,Нет,Да
2-комнатная квартира · 55 м² · 3/4 этаж,66 000 000〒,"Бостандыкский р-н, мкр Ерменсай, Ремизовка 1а",2-комнатная квартира,55 м²,3,4,Нет,Да
3-комнатная квартира · 76.1 м² · 2/3 этаж,53 650 000〒,"Бостандыкский р-н, мкр Ерменсай, Талды 59",3-комнатная квартира,76.1 м²,2,3,Нет,Да
1-комнатная квартира · 55 м² · 4/14 этаж,48 000 000〒,"Бостандыкский р-н, Гагарина проспект 124 — Абая Гагарина",1-комнатная квартира,55 м²,4,14,Нет,Да
2-комнатная квартира · 70 м² · 2/3 этаж,53 500 000〒,"Бостандыкский р-н, мкр Нурлытау (Энергетик), Какимбек Салыков 42",2-комнатная квартира,70 м²,2,3,Нет,Да
4-комнатная квартира · 102.4 м² · 8/13 этаж,107 000 000〒,"Бостандыкский р-н, Ходжанова 57/5",4-комнатная квартира,102.4 м²,8,13,Нет,Да
2-комнатная квартира · 52 м² · 4/5 этаж,37 980 000〒,"Бостандыкский р-н, Жарокова 269а",2-комнатная квартира,52 м²,4,5,Нет,Нет
2-комнатная квартира · 43 м² · 5 этаж,32 000 000〒,"Бостандыкский р-н, Гагарина 196а",2-комнатная квартира,43 м²,,,Нет,Нет
3-комнатная квартира · 107.7 м² · 11/20 этаж,106 000 000〒,"Бостандыкский р-н, Аль-Фараби 7 — ул Козыбаева",3-комнатная квартира,107.7 м²,11,20,Нет,Да
3-комнатная квартира · 117 м² · 5/8 этаж,115 000 000〒,"Бостандыкский р-н, мкр Ерменсай, Арайлы 12",3-комнатная квартира,117 м²,5,8,Нет,Да
2-комнатная квартира · 67 м² · 1/3 этаж,94 999 999〒,"Бостандыкский р-н, мкр Баганашыл, Рахмадиева 6",2-комнатная квартира,67 м²,1,3,Нет,Да
1-комнатная квартира · 51.6 м² · 10/21 этаж,39 999 990〒,"Бостандыкский р-н, Солодовникова — Сатпаева-Гагарина",1-комнатная квартира,51.6 м²,10,21,Нет,Да
2-комнатная квартира · 44 м² · 1/4 этаж,28 500 000〒,"Бостандыкский р-н, Радостовца — Радостовца-Солодовникова",2-комнатная квартира,44 м²,1,4,Нет,Нет
3-комнатная квартира · 90 м² · 8/12 этаж,67 000 000〒,"Бостандыкский р-н, Торайгырова 21/1 — Между Мустафина и Саина",3-комнатная квартира,90 м²,8,12,Нет,Да
3-комнатная квартира · 128.6 м² · 4/16 этаж,115 000 000〒,"Бостандыкский р-н, Сатпаева 9б — Сатпаева / Сейфуллина",3-комнатная квартира,128.6 м²,4,16,Нет,Да
2-комнатная квартира · 61.5 м² · 5/16 этаж,69 490 000〒,"Бостандыкский р-н, Розыбакиева 197/2 — Розыбакиева - Ескараева",2-комнатная квартира,61.5 м²,5,16,Нет,Да
4-комнатная квартира · 170 м² · 8/8 этаж,125 000 000〒,"Бостандыкский р-н, Арайлы 12 — Ремизовка",4-комнатная квартира,170 м²,8,8,Нет,Да
3-комнатная квартира · 59 м² · 7/13 этаж,63 000 000〒,"Бостандыкский р-н, Гагарина 194",3-комнатная квартира,59 м²,7,13,Нет,Да
4-комнатная квартира · 128 м² · 10/16 этаж,135 000 000〒,"Бостандыкский р-н, Мусрепова 22 — Сатпаева",4-комнатная квартира,128 м²,10,16,Нет,Да
2-комнатная квартира · 41 м² · 2/4 этаж,29 500 000〒,"Бостандыкский р-н, Бухар Жырау — Жарокова",2-комнатная квартира,41 м²,2,4,Нет,Нет
2-комнатная квартира · 50 м² · 7/13 этаж,55 000 000〒,"Бостандыкский р-н, Жандосова 94А",2-комнатная квартира,50 м²,7,13,Нет,Да
4-комнатная квартира · 76 м² · 1/19 этаж,66 000 000〒,"Бостандыкский р-н, Абая 164 — Брусиловского",4-комнатная квартира,76 м²,1,19,Нет,Да
3-комнатная квартира · 94 м² · 13/17 этаж,91 000 000〒,"Бостандыкский р-н, Розыбакиева 237",3-комнатная квартира,94 м²,13,17,Нет,Да
4-комнатная квартира · 103 м² · 9/17 этаж,81 700 000〒,"Бостандыкский р-н, Утепова 31",4-комнатная квартира,103 м²,9,17,Нет,Да
2-комнатная квартира · 48 м² · 1 этаж,40 000 000〒,"Бостандыкский р-н, Тургут Озала 237",2-комнатная квартира,48 м²,,,Нет,Да
2-комнатная квартира · 50.1 м² · 11/16 этаж,50 500 000〒,"Бостандыкский р-н, Сатпаева 90/55 — ADK",2-комнатная квартира,50.1 м²,11,16,Нет,Да
4-комнатная квартира · 230 м² · 1/6 этаж,249 900 000〒,"Бостандыкский р-н, Рахмадиева 2/1 — М-н Казахфильм , Аль-Фараби",4-комнатная квартира,230 м²,1,6,Нет,Да
3-комнатная квартира · 77 м² · 3/20 этаж,86 000 000〒,"Бостандыкский р-н, Гагарина 310",3-комнатная квартира,77 м²,3,20,Нет,Да
3-комнатная квартира · 92 м² · 12/21 этаж,72 999 999〒,"Бостандыкский р-н, Гагарина 133/2",3-комнатная квартира,92 м²,12,21,Нет,Да
1-комнатная квартира · 34 м² · 16/16 этаж,31 000 000〒,"Бостандыкский р-н, Жандосова 94А",1-комнатная квартира,34 м²,16,16,Нет,Да
3-комнатная квартира · 97.1 м² · 5/14 этаж,65 000 000〒,"Бостандыкский р-н, Торайгырова",3-комнатная квартира,97.1 м²,5,14,Нет,Да
4-комнатная квартира · 105 м² · 1/4 этаж,83 000 000〒,"Бостандыкский р-н, мкр Алмагуль, Гагарина — Утепова",4-комнатная квартира,105 м²,1,4,Нет,Нет
3-комнатная квартира · 132 м² · 9/13 этаж,104 000 000〒,"Бостандыкский р-н, Ходжанова 77 — Ул. Ходжанова-пр. Аль-Фараби",3-комнатная квартира,132 м²,9,13,Нет,Да
3-комнатная квартира · 74 м² · 6 этаж,41 500 000〒,"Бостандыкский р-н, Жандосова 94А",3-комнатная квартира,74 м²,,,Нет,Да
2-комнатная квартира · 42 м² · 1/6 этаж,51 000 000〒,"Бостандыкский р-н, мкр Ерменсай 25/1",2-комнатная квартира,42 м²,1,6,Нет,Да
2-комнатная квартира · 63 м² · 13/16 этаж,64 000 000〒,"Бостандыкский р-н, Тлендиева 133/5 — Сатпаева ADK",2-комнатная квартира,63 м²,13,16,Нет,Да
3-комнатная квартира · 69.7 м² · 2/3 этаж,65 000 000〒,"Бостандыкский р-н, мкр Нурлытау (Энергетик), Мкрн. Нурлытау 932",3-комнатная квартира,69.7 м²,2,3,Нет,Да
1-комнатная квартира · 28 м² · 3/13 этаж,28 000 000〒,"Бостандыкский р-н, Журавлева 26",1-комнатная квартира,28 м²,3,13,Нет,Да
2-комнатная квартира · 57 м² · 15/22 этаж,37 800 000〒,"Бостандыкский р-н, Тургут Озала 237",2-комнатная квартира,57 м²,15,22,Нет,Да
3-комнатная квартира · 65.3 м² · 1/5 этаж,50 000 000〒,"Бостандыкский р-н, мкр Коктем-3 — Байзакова-Сатпаева",3-комнатная квартира,65.3 м²,1,5,Нет,Нет
2-комнатная квартира · 58.4 м² · 3/3 этаж,43 500 000〒,"Бостандыкский р-н, мкр Нурлытау (Энергетик), Мкрн. Нурлытау 932 — Газиза Жубанова ул.",2-комнатная квартира,58.4 м²,3,3,Нет,Да
4-комнатная квартира · 261.69 м² · 1/3 этаж,125 000 000〒,"Бостандыкский р-н, 13-я 40, 96",4-комнатная квартира,261.69 м²,1,3,Нет,Да
3-комнатная квартира · 97 м² · 9/14 этаж,62 000 000〒,"Бостандыкский р-н, Торайгырова 25",3-комнатная квартира,97 м²,9,14,Нет,Да
3-комнатная квартира · 59.4 м² · 5/5 этаж,44 000 000〒,"Бостандыкский р-н, мкр Орбита-2",3-комнатная квартира,59.4 м²,5,5,Нет,Нет
2-комнатная квартира · 80 м² · 11/12 этаж,95 000 000〒,"Бостандыкский р-н, Басенова 10 — Розыбакиева",2-комнатная квартира,80 м²,11,12,Нет,Да
3-комнатная квартира · 115 м² · 17/17 этаж,105 000 000〒,"Бостандыкский р-н, Радостовца 280 — Ходжанова",3-комнатная квартира,115 м²,17,17,Нет,Да
2-комнатная квартира · 52.7 м² · 4/18 этаж,35 000 000〒,"Бостандыкский р-н, Жандосова 94А",2-комнатная квартира,52.7 м²,4,18,Нет,Да
2-комнатная квартира · 39 м² · 4/4 этаж,26 500 000〒,"Бостандыкский р-н, ул. Санаторий Алматы 1 — Выше Аль-Фараби по Аскарова",2-комнатная квартира,39 м²,4,4,Нет,Нет
3-комнатная квартира · 97.2 м² · 6/7 этаж,60 000 000〒,"Бостандыкский р-н, Вахтангова",3-комнатная квартира,97.2 м²,6,7,Нет,Нет
5-комнатная квартира · 170.9 м² · 14/15 этаж,115 000 000〒,"Бостандыкский р-н, Масанчи 98в — Абая",5-комнатная квартира,170.9 м²,14,15,Нет,Да
4-комнатная квартира · 147 м² · 7/16 этаж,157 000 000〒,"Бостандыкский р-н, Гагарина проспект 124 — Абая",4-комнатная квартира,147 м²,7,16,Нет,Да
3-комнатная квартира · 83 м² · 9/10 этаж,57 499 999〒,"Бостандыкский р-н, Кенесары хана 54",3-комнатная квартира,83 м²,9,10,Нет,Да
2-комнатная квартира · 64 м² · 16/20 этаж,38 000 000〒,"Бостандыкский р-н, Тургут Озала 237 — САМАЯ ДЕШЕВАЯ!",2-комнатная квартира,64 м²,16,20,Нет,Да
2-комнатная квартира · 58 м² · 7/16 этаж,52 000 000〒,"Бостандыкский р-н, Торайгырова 19а",2-комнатная квартира,58 м²,7,16,Нет,Да
2-комнатная квартира · 40 м² · 7/12 этаж,41 500 000〒,"Бостандыкский р-н, Тажибаевой 157 к1",2-комнатная квартира,40 м²,7,12,Нет,Да
3-комнатная квартира · 114 м² · 8/12 этаж,126 000 000〒,"Бостандыкский р-н, Розыбакиева 218/5 — Тажибаева",3-комнатная квартира,114 м²,8,12,Нет,Да
2-комнатная квартира · 58 м² · 17/21 этаж,87 000 000〒,"Бостандыкский р-н, Аль-Фараби 27/2 — Сейфуллина",2-комнатная квартира,58 м²,17,21,Нет,Да
4-комнатная квартира · 90.5 м² · 5/9 этаж,69 500 000〒,"Бостандыкский р-н, мкр Алмагуль, Гагарина проспект — Дунаевского",4-комнатная квартира,90.5 м²,5,9,Нет,Нет
2-комнатная квартира · 68.2 м² · 11/15 этаж,59 800 000〒,"Бостандыкский р-н, Навои 208/7 — Торайгырова",2-комнатная квартира,68.2 м²,11,15,Нет,Да
3-комнатная квартира · 127.5 м² · 3/6 этаж,138 000 000〒,"Бостандыкский р-н, Рахмадиева 2/1",3-комнатная квартира,127.5 м²,3,6,Нет,Да
3-комнатная квартира · 60 м² · 4/5 этаж,48 499 999〒,"Бостандыкский р-н, Айманова 172 — Жандосова",3-комнатная квартира,60 м²,4,5,Нет,Нет
3-комнатная квартира · 102.4 м² · 10/19 этаж,87 000 000〒,"Бостандыкский р-н, Абая 164/6 — Брусиловского",3-комнатная квартира,102.4 м²,10,19,Нет,Да
3-комнатная квартира · 80 м² · 8/18 этаж,60 000 000〒,"Бостандыкский р-н, Абая 164 — Брусиловского (метро Сайран)",3-комнатная квартира,80 м²,8,18,Нет,Да
2-комнатная квартира · 111 м² · 3/5 этаж,73 000 000〒,"Бостандыкский р-н, мкр Ерменсай 42",2-комнатная квартира,111 м²,3,5,Нет,Да
4-комнатная квартира · 90.4 м² · 4/16 этаж,87 000 000〒,"Бостандыкский р-н, Абая 150/230 — Каримова",4-комнатная квартира,90.4 м²,4,16,Нет,Да
3-комнатная квартира · 102 м² · 14/16 этаж,79 000 000〒,"Бостандыкский р-н, Навои 208 — Торайгырова",3-комнатная квартира,102 м²,14,16,Нет,Да
3-комнатная квартира · 82.6 м² · 5/5 этаж,58 000 000〒,"Бостандыкский р-н, Гагарина 208а — Гагарина-Утепова",3-комнатная квартира,82.6 м²,5,5,Нет,Нет
1-комнатная квартира · 40.1 м² · 4/5 этаж,34 444 444〒,"Бостандыкский р-н, мкр Орбита-4 18 — проспект Аль-Фараби",1-комнатная квартира,40.1 м²,4,5,Нет,Нет
2-комнатная квартира · 83.1 м² · 2/3 этаж,108 030 000〒,"Бостандыкский р-н, мкр Мирас, Мусабаева 15 — Аскарова",2-комнатная квартира,83.1 м²,2,3,Нет,Да
1-комнатная квартира · 47.9 м² · 3/12 этаж,46 000 000〒,"Бостандыкский р-н, Егизбаева 7/21 — Розыбакиева-Егизбаева",1-комнатная квартира,47.9 м²,3,12,Нет,Да
4-комнатная квартира · 102 м² · 10/20 этаж,60 000 000〒,"Бостандыкский р-н, Тургут Озала 237 — проспект Абая",4-комнатная квартира,102 м²,10,20,Нет,Да
2-комнатная квартира · 55 м² · 6/18 этаж,36 500 000〒,"Бостандыкский р-н, Тургут Озала 237",2-комнатная квартира,55 м²,6,18,Нет,Да
2-комнатная квартира · 52 м² · 2/5 этаж,47 000 000〒,"Бостандыкский р-н, Габдуллина 9 — Маркова",2-комнатная квартира,52 м²,2,5,Нет,Нет
4-комнатная квартира · 91 м² · 5/5 этаж,71 000 000〒,"Бостандыкский р-н, мкр Алмагуль, Короленко 8 — Гагарина - Ходжанова",4-комнатная квартира,91 м²,5,5,Нет,Нет
2-комнатная квартира · 53 м² · 2/13 этаж,52 000 000〒,"Бостандыкский р-н, Ходжанова 77/1 — Аль Фараби",2-комнатная квартира,53 м²,2,13,Нет,Да
3-комнатная квартира · 129 м² · 3/16 этаж,97 000 000〒,"Бостандыкский р-н, Аль-Фараби 53В",3-комнатная квартира,129 м²,3,16,Нет,Да
2-комнатная квартира · 72.44 м² · 12/19 этаж,47 000 000〒,"Бостандыкский р-н, Тургут Озала 237",2-комнатная квартира,72.44 м²,12,19,Нет,Да
2-комнатная квартира · 41 м² · 3/4 этаж,33 000 000〒,"Бостандыкский р-н, мкр Баганашыл, Жангир хана",2-комнатная квартира,41 м²,3,4,Нет,Нет
2-комнатная квартира · 41.9 м² · 4/5 этаж,35 700 000〒,"Бостандыкский р-н, мкр Алмагуль 286 — Угл. Дунаевского",2-комнатная квартира,41.9 м²,4,5,Нет,Нет
3-комнатная квартира · 96.4 м² · 4/5 этаж,85 000 000〒,"Бостандыкский р-н, Байсеитовой 45 — Абая-Желтоксан",3-комнатная квартира,96.4 м²,4,5,Нет,Нет
3-комнатная квартира · 86 м² · 2 этаж,80 000 000〒,"Бостандыкский р-н, Абая 38",3-комнатная квартира,86 м²,,,Нет,Да
4-комнатная квартира · 115 м² · 4/5 этаж,95 000 000〒,"Бостандыкский р-н, Куляш Байсеитовой 40",4-комнатная квартира,115 м²,4,5,Нет,Нет
1-комнатная квартира · 44 м² · 9/9 этаж,39 500 000〒,"Бостандыкский р-н, мкр Керемет 7",1-комнатная квартира,44 м²,9,9,Нет,Да
2-комнатная квартира · 62.2 м² · 8/10 этаж,96 999 999〒,"Бостандыкский р-н, Абая 38",2-комнатная квартира,62.2 м²,8,10,Нет,Да
2-комнатная квартира · 42.5 м² · 5/5 этаж,34 000 000〒,"Бостандыкский р-н, мкр Казахфильм",2-комнатная квартира,42.5 м²,5,5,Нет,Нет
1-комнатная квартира · 33.3 м² · 4/5 этаж,26 949 000〒,"Бостандыкский р-н, Розыбакиева 230 — Темирязева, Басенова",1-комнатная квартира,33.3 м²,4,5,Нет,Нет
2-комнатная квартира · 70.8 м² · 9/18 этаж,63 000 000〒,"Бостандыкский р-н, Навои 208 — Торайгырова",2-комнатная квартира,70.8 м²,9,18,Нет,Да
3-комнатная квартира · 105 м² · 5/9 этаж,82 000 000〒,"Бостандыкский р-н, мкр Керемет 7к33",3-комнатная квартира,105 м²,5,9,Нет,Да
4-комнатная квартира · 127 м² · 15/17 этаж,135 000 000〒,"Бостандыкский р-н, Аль-Фараби 21",4-комнатная квартира,127 м²,15,17,Нет,Да
3-комнатная квартира · 60 м² · 5/5 этаж,36 000 000〒,"Бостандыкский р-н, мкр Орбита-2 24",3-комнатная квартира,60 м²,5,5,Нет,Нет
4-комнатная квартира · 150 м² · 9/16 этаж,120 000 000〒,"Бостандыкский р-н, Абая 150/230 — Абая Тургут Озала",4-комнатная квартира,150 м²,9,16,Нет,Да
4-комнатная квартира · 135 м² · 4/5 этаж,100 000 000〒,"Бостандыкский р-н, мкр Алмагуль, Байкадамова 10",4-комнатная квартира,135 м²,4,5,Нет,Нет
3-комнатная квартира · 137 м² · 2/7 этаж,165 000 000〒,"Бостандыкский р-н, мкр «Мирас» 31",3-комнатная квартира,137 м²,2,7,Нет,Да
4-комнатная квартира · 71.5 м² · 4/4 этаж,60 000 000〒,"Бостандыкский р-н, Родостовцев 177Б — Джандосова розыбакиева",4-комнатная квартира,71.5 м²,4,4,Нет,Нет
3-комнатная квартира · 90 м² · 10/14 этаж,109 500 000〒,"Бостандыкский р-н, Айманова 140 — Сатпаева",3-комнатная квартира,90 м²,10,14,Нет,Да
2-комнатная квартира · 47 м² · 5/16 этаж,43 000 000〒,"Бостандыкский р-н, Жандосова 94А",2-комнатная квартира,47 м²,5,16,Нет,Да
3-комнатная квартира · 100 м² · 20/21 этаж,115 000 000〒,"Бостандыкский р-н, Сейфуллина 574/1 к3",3-комнатная квартира,100 м²,20,21,Нет,Да
3-комнатная квартира · 72 м² · 5/5 этаж,48 500 000〒,"Бостандыкский р-н, Айманова 145 — Гагарина, Сатпаева, Жарокова, Джандосова, Абая.",3-комнатная квартира,72 м²,5,5,Нет,Нет
2-комнатная квартира · 78 м² · 16/16 этаж,44 500 000〒,"Бостандыкский р-н, Навои 7 — Жандосова навои",2-комнатная квартира,78 м²,16,16,Нет,Да
2-комнатная квартира · 52 м² · 4/5 этаж,53 000 000〒,"Бостандыкский р-н, мкр Алмагуль, Жарокова 273А",2-комнатная квартира,52 м²,4,5,Нет,Нет
3-комнатная квартира · 95.4 м² · 9/16 этаж,100 000 000〒,"Бостандыкский р-н, Наурызбай батыра 152 — проспект Абая",3-комнатная квартира,95.4 м²,9,16,Нет,Да
3-комнатная квартира · 80 м² · 12/12 этаж,61 000 000〒,"Бостандыкский р-н, Сатпаева",3-комнатная квартира,80 м²,12,12,Нет,Да
1-комнатная квартира · 33.2 м² · 12/16 этаж,34 000 000〒,"Бостандыкский р-н, Жандосова — Ул Темирязьева",1-комнатная квартира,33.2 м²,12,16,Нет,Да
3-комнатная квартира · 70 м² · 9/9 этаж,58 000 000〒,"Бостандыкский р-н, Сатпаева 74 — Розыбакиева",3-комнатная квартира,70 м²,9,9,Нет,Нет
3-комнатная квартира · 193 м² · 9/10 этаж,162 000 000〒,"Бостандыкский р-н, Аль-Фараби — Маркова",3-комнатная квартира,193 м²,9,10,Нет,Да
2-комнатная квартира · 61.8 м² · 2/16 этаж,44 500 000〒,"Бостандыкский р-н, Жандосова 94А",2-комнатная квартира,61.8 м²,2,16,Нет,Да
3-комнатная квартира · 120 м² · 4/16 этаж,85 000 000〒,"Бостандыкский р-н, Абая 150/230",3-комнатная квартира,120 м²,4,16,Нет,Да
3-комнатная квартира · 75 м² · 3/5 этаж,75 000 000〒,"Бостандыкский р-н, Коктем-1 43 — Совмин проект",3-комнатная квартира,75 м²,3,5,Нет,Нет
3-комнатная квартира · 181 м² · 14/14 этаж,144 000 000〒,"Бостандыкский р-н, Гагарина 277/7",3-комнатная квартира,181 м²,14,14,Нет,Да
2-комнатная квартира · 56 м² · 4/17 этаж,46 800 000〒,"Бостандыкский р-н, Жандосова 94А",2-комнатная квартира,56 м²,4,17,Нет,Да
3-комнатная квартира · 107 м² · 14/18 этаж,90 000 000〒,"Бостандыкский р-н, Гагарина 133 — Родостовца Мынбаева",3-комнатная квартира,107 м²,14,18,Нет,Да
3-комнатная квартира · 102.6 м² · 16/20 этаж,86 000 000〒,"Бостандыкский р-н, Абая 164/6 — Брусиловского",3-комнатная квартира,102.6 м²,16,20,Нет,Да
2-комнатная квартира · 66.2 м² · 4/16 этаж,60 000 000〒,"Бостандыкский р-н, Аль-Фараби 53 — Маркова Весновка",2-комнатная квартира,66.2 м²,4,16,Нет,Да
3-комнатная квартира · 111.5 м² · 12/12 этаж,69 000 000〒,"Бостандыкский р-н, Рыскулбекова 28/1 — КАЗГАСА",3-комнатная квартира,111.5 м²,12,12,Нет,Да
1-комнатная квартира · 42.5 м² · 19/20 этаж,27 500 000〒,"Бостандыкский р-н, Тургут Озала 237",1-комнатная квартира,42.5 м²,19,20,Нет,Да
3-комнатная квартира · 107.6 м² · 6/14 этаж,59 900 000〒,"Бостандыкский р-н, Жандосова 94А",3-комнатная квартира,107.6 м²,6,14,Нет,Да
1-комнатная квартира · 33.4 м² · 2/3 этаж,27 950 000〒,"Бостандыкский р-н, Жуллыз 5 — ул Жулдыз 5 - ул Салтыков",1-комнатная квартира,33.4 м²,2,3,Нет,Да
3-комнатная квартира · 121 м² · 12/19 этаж,98 000 000〒,"Бостандыкский р-н, Сатпаева",3-комнатная квартира,121 м²,12,19,Нет,Да
3-комнатная квартира · 64 м² · 5/5 этаж,53 000 000〒,"Бостандыкский р-н, Си Синхая — Гагарина",3-комнатная квартира,64 м²,5,5,Нет,Нет
3-комнатная квартира · 82 м² · 5/8 этаж,80 000 000〒,"Бостандыкский р-н, мкр Ерменсай, Арайлы",3-комнатная квартира,82 м²,5,8,Нет,Да
1-комнатная квартира · 34 м² · 2/16 этаж,32 500 000〒,"Бостандыкский р-н, Жандосова 94А",1-комнатная квартира,34 м²,2,16,Нет,Да
3-комнатная квартира · 193 м² · 9/10 этаж,165 000 000〒,"Бостандыкский р-н, Аль-Фараби 53 — Ул.Маркова",3-комнатная квартира,193 м²,9,10,Нет,Да
3-комнатная квартира · 80 м² · 3/16 этаж,93 000 000〒,"Бостандыкский р-н, мкр Коктем-3, Мусрепова 24 — По Мусрепова между Сатпаева и Бухар жырау",3-комнатная квартира,80 м²,3,16,Нет,Да
3-комнатная квартира · 150 м² · 5/7 этаж,180 000 000〒,"Бостандыкский р-н, Мкр «Мирас» 31",3-комнатная квартира,150 м²,5,7,Нет,Да
3-комнатная квартира · 140 м² · 11/22 этаж,105 000 000〒,"Бостандыкский р-н, Бухар жырау — Шагабутдинова",3-комнатная квартира,140 м²,11,22,Нет,Да
3-комнатная квартира · 91.9 м² · 9/14 этаж,77 000 000〒,"Бостандыкский р-н, Масанчи — Абая",3-комнатная квартира,91.9 м²,9,14,Нет,Да
2-комнатная квартира · 54.5 м² · 2/16 этаж,53 700 000〒,"Бостандыкский р-н, Розыбакиева 197/2",2-комнатная квартира,54.5 м²,2,16,Нет,Да
3-комнатная квартира · 82 м² · 5/6 этаж,74 000 000〒,"Бостандыкский р-н, Аль-Фараби 51 — Пр.Аль-Фараби,уг.Маркова",3-комнатная квартира,82 м²,5,6,Нет,Нет
3-комнатная квартира · 106 м² · 3/4 этаж,95 000 000〒,"Бостандыкский р-н, мкр Мирас, Культобе 24/9",3-комнатная квартира,106 м²,3,4,Нет,Да
4-комнатная квартира · 100.2 м² · 5/18 этаж,83 000 000〒,"Бостандыкский р-н, Абая — Брусиловского",4-комнатная квартира,100.2 м²,5,18,Нет,Да
3-комнатная квартира · 102 м² · 10/25 этаж,77 000 000〒,"Бостандыкский р-н, Абиша Кекилбайулы",3-комнатная квартира,102 м²,10,25,Нет,Да
2-комнатная квартира · 53.4 м² · 13/17 этаж,50 000 000〒,"Бостандыкский р-н, Жандосова 94А",2-комнатная квартира,53.4 м²,13,17,Нет,Да
2-комнатная квартира · 57.4 м² · 11/18 этаж,47 000 000〒,"Бостандыкский р-н, Жандосова 94А",2-комнатная квартира,57.4 м²,11,18,Нет,Да
4-комнатная квартира · 137.3 м² · 11/12 этаж,190 000 000〒,"Бостандыкский р-н, Минина 14а",4-комнатная квартира,137.3 м²,11,12,Нет,Да
3-комнатная квартира · 75 м² · 3/5 этаж,75 000 000〒,"Бостандыкский р-н, мкр Коктем-1 43",3-комнатная квартира,75 м²,3,5,Нет,Нет
2-комнатная квартира · 64.1 м² · 6/10 этаж,73 000 000〒,"Бостандыкский р-н, Бухар Жырау 35",2-комнатная квартира,64.1 м²,6,10,Нет,Да
3-комнатная квартира · 113.2 м² · 6/17 этаж,155 000 000〒,"Бостандыкский р-н, Аль-Фараби 41/3",3-комнатная квартира,113.2 м²,6,17,Нет,Да
3-комнатная квартира · 53 м² · 4/4 этаж,42 000 000〒,"Бостандыкский р-н, Масанчи — Сатпаева",3-комнатная квартира,53 м²,4,4,Нет,Нет
4-комнатная квартира · 180 м² · 2/6 этаж,210 000 000〒,"Бостандыкский р-н, мкр Мирас, мкр. Мирас 128",4-комнатная квартира,180 м²,2,6,Нет,Да
2-комнатная квартира · 53.7 м² · 2/4 этаж,50 000 000〒,"Бостандыкский р-н, Масанчи 98",2-комнатная квартира,53.7 м²,2,4,Нет,Нет
2-комнатная квартира · 45 м² · 4/4 этаж,38 900 000〒,"Бостандыкский р-н, Тимирязева 81 — Тимирязева-Ауэзова",2-комнатная квартира,45 м²,4,4,Нет,Нет
2-комнатная квартира · 66.8 м² · 6/10 этаж,65 000 000〒,"Бостандыкский р-н, Жарокова 370 — Аль Фараби",2-комнатная квартира,66.8 м²,6,10,Нет,Да
2-комнатная квартира · 62 м² · 13/16 этаж,62 200 000〒,"Бостандыкский р-н, Розыбакиева 197/2",2-комнатная квартира,62 м²,13,16,Нет,Да
2-комнатная квартира · 60 м² · 11/17 этаж,43 000 000〒,"Бостандыкский р-н, Жандосова 94А",2-комнатная квартира,60 м²,11,17,Нет,Да
3-комнатная квартира · 61.3 м² · 3/4 этаж,40 500 000〒,"Бостандыкский р-н, Айманова 195А — Налоговый комитет Бостандыкского района. Жандосова Айманова.",3-комнатная квартира,61.3 м²,3,4,Нет,Нет
2-комнатная квартира · 61 м² · 3/9 этаж,46 300 000〒,"Бостандыкский р-н, мкр Хан Тенгри 11 — Кенесары",2-комнатная квартира,61 м²,3,9,Нет,Нет
2-комнатная квартира · 43 м² · 3/6 этаж,30 000 000〒,"Бостандыкский р-н, Кенесары хана 83/5 — Кенесары хана 83/5",2-комнатная квартира,43 м²,3,6,Нет,Да
2-комнатная квартира · 56 м² · 14/20 этаж,45 000 000〒,"Бостандыкский р-н, Жандосова 94А — Розыбакиева утепова",2-комнатная квартира,56 м²,14,20,Нет,Да
2-комнатная квартира · 57 м² · 2/17 этаж,35 499 999〒,"Бостандыкский р-н, Жандосова 94А",2-комнатная квартира,57 м²,2,17,Нет,Да
3-комнатная квартира · 105 м² · 2/14 этаж,115 000 000〒,"Бостандыкский р-н, Гагарина 277/7",3-комнатная квартира,105 м²,2,14,Нет,Да
2-комнатная квартира · 53 м² · 9/10 этаж,55 000 000〒,"Бостандыкский р-н, Катаева 218 — Розыбакиева - Утепова",2-комнатная квартира,53 м²,9,10,Нет,Да
3-комнатная квартира · 65 м² · 2/5 этаж,55 000 000〒,"Бостандыкский р-н, мкр Алмагуль 7",3-комнатная квартира,65 м²,2,5,Нет,Нет
2-комнатная квартира · 74 м² · 10/14 этаж,63 500 000〒,"Бостандыкский р-н, Утепова 20 — Розыбакиева",2-комнатная квартира,74 м²,10,14,Нет,Да
3-комнатная квартира · 90 м² · 5/5 этаж,59 000 000〒,"Бостандыкский р-н, Утепова — Жарокова",3-комнатная квартира,90 м²,5,5,Нет,Нет
3-комнатная квартира · 80 м² · 4/8 этаж,65 000 000〒,"Бостандыкский р-н, мкр Орбита-2 11 — Аль-фараби-Навои",3-комнатная квартира,80 м²,4,8,Нет,Нет
1-комнатная квартира · 39.6 м² · 3/5 этаж,34 500 000〒,"Бостандыкский р-н, Розыбакиева — Тимирязева",1-комнатная квартира,39.6 м²,3,5,Нет,Нет
3-комнатная квартира · 80 м² · 5/5 этаж,66 000 000〒,"Бостандыкский р-н, мкр Коктем-1 50",3-комнатная квартира,80 м²,5,5,Нет,Нет
3-комнатная квартира · 55 м² · 4/4 этаж,40 500 000〒,"Бостандыкский р-н, мкр Коктем-2 50а — ул. Бухар Жирау 50а",3-комнатная квартира,55 м²,4,4,Нет,Нет
2-комнатная квартира · 51 м² · 8/17 этаж,34 000 000〒,"Бостандыкский р-н, Жандосова 94А",2-комнатная квартира,51 м²,8,17,Нет,Да
2-комнатная квартира · 70 м² · 6/21 этаж,60 000 000〒,"Бостандыкский р-н, Розыбакиева 289 — Альфараби Розыбакиева",2-комнатная квартира,70 м²,6,21,Нет,Да
3-комнатная квартира · 105 м² · 10/12 этаж,90 000 000〒,"Бостандыкский р-н, Торайгырова 21/1",3-комнатная квартира,105 м²,10,12,Нет,Да
3-комнатная квартира · 115 м² · 4/12 этаж,73 000 000〒,"Бостандыкский р-н, Рыскулбекова",3-комнатная квартира,115 м²,4,12,Нет,Да
3-комнатная квартира · 98 м² · 2/15 этаж,99 000 000〒,"Бостандыкский р-н, Утепова 31 — Утепова/розыбакиева",3-комнатная квартира,98 м²,2,15,Нет,Да
4-комнатная квартира · 185 м² · 5/11 этаж,185 000 000〒,"Бостандыкский р-н, Аль-фараби 21 — Каратаева",4-комнатная квартира,185 м²,5,11,Нет,Да
3-комнатная квартира · 121 м² · 2/3 этаж,120 000 000〒,"Бостандыкский р-н, Аль- Фараби 116",3-комнатная квартира,121 м²,2,3,Нет,Да
3-комнатная квартира · 117.9 м² · 4/9 этаж,114 000 000〒,"Бостандыкский р-н, Маркова",3-комнатная квартира,117.9 м²,4,9,Нет,Да
2-комнатная квартира · 93 м² · 11/16 этаж,66 800 000〒,"Бостандыкский р-н, Абая 150/230 — Абая тургут озала",2-комнатная квартира,93 м²,11,16,Нет,Да
2-комнатная квартира · 51 м² · 10/15 этаж,48 000 000〒,"Бостандыкский р-н, Жандосова 31.блок5",2-комнатная квартира,51 м²,10,15,Нет,Да
3-комнатная квартира · 61 м² · 4/4 этаж,36 500 000〒,"Бостандыкский р-н, Радостовца — Тимирязьева-Радостовца",3-комнатная квартира,61 м²,4,4,Нет,Нет
2-комнатная квартира · 100 м² · 19/20 этаж,57 000 000〒,"Бостандыкский р-н, Солодовникова 21Д — Сатпаева",2-комнатная квартира,100 м²,19,20,Нет,Да
2-комнатная квартира · 73.1 м² · 13/14 этаж,48 500 000〒,"Бостандыкский р-н, Торайгырова 25",2-комнатная квартира,73.1 м²,13,14,Нет,Да
4-комнатная квартира · 160.8 м² · 9/33 этаж,143 916 000〒,"Бостандыкский р-н, Аль-Фараби 5В",4-комнатная квартира,160.8 м²,9,33,Нет,Да
2-комнатная квартира · 78 м² · 17/18 этаж,55 000 000〒,"Бостандыкский р-н, Навои 208 — Торайгырова",2-комнатная квартира,78 м²,17,18,Нет,Да
4-комнатная квартира · 86 м² · 4/5 этаж,69 500 000〒,"Бостандыкский р-н, Микрорайон алмагуль",4-комнатная квартира,86 м²,4,5,Нет,Нет
1-комнатная квартира · 33 м² · 1/5 этаж,29 000 000〒,"Бостандыкский р-н, Розыбакиева 138 — Сатпаева",1-комнатная квартира,33 м²,1,5,Нет,Нет
3-комнатная квартира · 170 м² · 1/4 этаж,250 000 000〒,"Бостандыкский р-н, Тимирязева 2а — Тимирязева Мира",3-комнатная квартира,170 м²,1,4,Нет,Да
2-комнатная квартира · 55 м² · 9/20 этаж,40 000 000〒,"Бостандыкский р-н, ПроспектАбая 160",2-комнатная квартира,55 м²,9,20,Нет,Да
3-комнатная квартира · 96 м² · 6/16 этаж,90 000 000〒,"Бостандыкский р-н, мкр Казахфильм, Розыбакиева 237 — Мега Алматы",3-комнатная квартира,96 м²,6,16,Нет,Да
3-комнатная квартира · 71 м² · 7/9 этаж,54 000 000〒,"Бостандыкский р-н, мкр Казахфильм 46 — Сыргабекова-Молодежная",3-комнатная квартира,71 м²,7,9,Нет,Нет
1-комнатная квартира · 32 м² · 4/4 этаж,24 000 000〒,"Бостандыкский р-н, Айманова 202",1-комнатная квартира,32 м²,4,4,Нет,Нет
3-комнатная квартира · 109 м² · 12/12 этаж,115 000 000〒,"Бостандыкский р-н, Розыбакиева 181а",3-комнатная квартира,109 м²,12,12,Нет,Да
1-комнатная квартира · 21 м² · 5/5 этаж,11 300 000〒,"Бостандыкский р-н, Жандосова 82",1-комнатная квартира,21 м²,5,5,Нет,Нет
4-комнатная квартира · 130 м² · 6/12 этаж,105 000 000〒,"Бостандыкский р-н, Торайгырова 21/1 — Мустафина",4-комнатная квартира,130 м²,6,12,Нет,Да
3-комнатная квартира · 88 м² · 12/12 этаж,81 000 000〒,"Бостандыкский р-н, Абиш Кекилбайулы — Розыбакиева",3-комнатная квартира,88 м²,12,12,Нет,Да
2-комнатная квартира · 42 м² · 4/4 этаж,33 500 000〒,"Бостандыкский р-н, Желтоксана 170 — Сатпаева",2-комнатная квартира,42 м²,4,4,Нет,Нет
3-комнатная квартира · 100.5 м² · 4/20 этаж,87 000 000〒,"Бостандыкский р-н, Абая — Брусиловского",3-комнатная квартира,100.5 м²,4,20,Нет,Да
2-комнатная квартира · 48 м² · 4/4 этаж,31 000 000〒,"Бостандыкский р-н, мкр Коктем-2 — Тимирязева Байзакова",2-комнатная квартира,48 м²,4,4,Нет,Нет
3-комнатная квартира · 56 м² · 2/4 этаж,43 800 000〒,"Бостандыкский р-н, Габдуллина/Манаса 88/81 — ТРЦ Атакент",3-комнатная квартира,56 м²,2,4,Нет,Нет
1-комнатная квартира · 30 м² · 3/4 этаж,23 000 000〒,"Бостандыкский р-н, Розыбакиева 216 — Басенова - Розыбакиева",1-комнатная квартира,30 м²,3,4,Нет,Нет
3-комнатная квартира · 147 м² · 1/6 этаж,145 000 000〒,"Бостандыкский р-н, Наурыз-2 15-27",3-комнатная квартира,147 м²,1,6,Нет,Да
2-комнатная квартира · 45.6 м² · 4/8 этаж,41 500 000〒,"Бостандыкский р-н, мкр Орбита-3 5 — Мустафина-Торайгырова",2-комнатная квартира,45.6 м²,4,8,Нет,Нет
3-комнатная квартира · 116 м² · 19/21 этаж,126 500 000〒,"Бостандыкский р-н, Аль-Фараби 105 — Ходжанова",3-комнатная квартира,116 м²,19,21,Нет,Да
1-комнатная квартира · 36.7 м² · 1/12 этаж,40 000 000〒,"Бостандыкский р-н, Сатпаева — Туркебаева",1-комнатная квартира,36.7 м²,1,12,Нет,Да
3-комнатная квартира · 59 м² · 3/5 этаж,45 000 000〒,"Бостандыкский р-н, мкр Орбита-2 16",3-комнатная квартира,59 м²,3,5,Нет,Нет
3-комнатная квартира · 58 м² · 4/5 этаж,39 000 000〒,"Бостандыкский р-н, мкр Орбита-1 — Навои Биржана",3-комнатная квартира,58 м²,4,5,Нет,Нет
3-комнатная квартира · 100 м² · 3/16 этаж,80 000 000〒,"Бостандыкский р-н, Абая 150/230 — Тургут Озала",3-комнатная квартира,100 м²,3,16,Нет,Да
2-комнатная квартира · 44 м² · 3/3 этаж,33 500 000〒,"Бостандыкский р-н, Жандосова 13 — Ауэзова",2-комнатная квартира,44 м²,3,3,Нет,Нет
3-комнатная квартира · 89 м² · 3/3 этаж,73 000 000〒,"Бостандыкский р-н, 16 улица 5",3-комнатная квартира,89 м²,3,3,Нет,Да
3-комнатная квартира · 74.5 м² · 7/9 этаж,60 000 000〒,"Бостандыкский р-н, Розыбакиева 175 — Байкадамова",3-комнатная квартира,74.5 м²,7,9,Нет,Нет
2-комнатная квартира · 64.1 м² · 9/16 этаж,57 000 000〒,"Бостандыкский р-н, Тлендиева 133 — Сатпаева",2-комнатная квартира,64.1 м²,9,16,Нет,Да
1-комнатная квартира · 41 м² · 9/9 этаж,36 500 000〒,"Бостандыкский р-н, мкр Алмагуль 27 — Дунаевского,между Жарокова и Гагарина",1-комнатная квартира,41 м²,9,9,Нет,Нет
2-комнатная квартира · 57.2 м² · 10/18 этаж,38 000 000〒,"Бостандыкский р-н, Жандосова 94А",2-комнатная квартира,57.2 м²,10,18,Нет,Да
4-комнатная квартира · 163 м² · 21/29 этаж,175 000 000〒,"Бостандыкский р-н, Аль-Фараби 7",4-комнатная квартира,163 м²,21,29,Нет,Да
3-комнатная квартира · 95 м² · 8/16 этаж,96 000 000〒,"Бостандыкский р-н, Тлендиева 133 — Сатпаева",3-комнатная квартира,95 м²,8,16,Нет,Да
3-комнатная квартира · 57.8 м² · 2/4 этаж,49 000 000〒,"Бостандыкский р-н, Радостовца — Жандосова (аллея им. Ю.Гагарина)",3-комнатная квартира,57.8 м²,2,4,Нет,Нет
2-комнатная квартира · 70.3 м² · 2/3 этаж,65 000 000〒,"Бостандыкский р-н, мкр Ерменсай — Рядом с фитнес клубом  Velvet на Ремизовке.",2-комнатная квартира,70.3 м²,2,3,Нет,Да
3-комнатная квартира · 70 м² · 5/5 этаж,54 500 000〒,"Бостандыкский р-н, мкр Коктем-2 2",3-комнатная квартира,70 м²,5,5,Нет,Нет
4-комнатная квартира · 150 м² · 13/16 этаж,130 000 000〒,"Бостандыкский р-н, Аль-Фараби 53",4-комнатная квартира,150 м²,13,16,Нет,Да
2-комнатная квартира · 62 м² · 6/12 этаж,55 000 000〒,"Бостандыкский р-н, Абиша Кекилбайулы 97а",2-комнатная квартира,62 м²,6,12,Нет,Да
3-комнатная квартира · 110 м² · 11/18 этаж,110 000 000〒,"Бостандыкский р-н, Розыбакиева 320 — Ходжанова",3-комнатная квартира,110 м²,11,18,Нет,Да
4-комнатная квартира · 100 м² · 14/20 этаж,69 500 000〒,"Бостандыкский р-н, Абая 160",4-комнатная квартира,100 м²,14,20,Нет,Да
2-комнатная квартира · 36 м² · 10/10 этаж,29 000 000〒,"Бостандыкский р-н, мкр Хан Тенгри 54",2-комнатная квартира,36 м²,10,10,Нет,Да
1-комнатная квартира · 21 м² · 3/5 этаж,15 500 000〒,"Бостандыкский р-н, Жандосова — Розыбакиева",1-комнатная квартира,21 м²,3,5,Да,Нет
1-комнатная квартира · 46.3 м² · 8/17 этаж,39 000 000〒,"Бостандыкский р-н, мкр Алмагуль, Егизбаева 7/5",1-комнатная квартира,46.3 м²,8,17,Нет,Да
2-комнатная квартира · 60 м² · 16/18 этаж,51 500 000〒,"Бостандыкский р-н, Абая — Брусиловского",2-комнатная квартира,60 м²,16,18,Нет,Да
3-комнатная квартира · 92 м² · 8/16 этаж,58 000 000〒,"Бостандыкский р-н, Радостовца Владимира",3-комнатная квартира,92 м²,8,16,Нет,Да
3-комнатная квартира · 92 м² · 9/12 этаж,81 500 000〒,"Бостандыкский р-н, Ходжанова 57/5 — Аль фараби Ходжанова",3-комнатная квартира,92 м²,9,12,Нет,Да
3-комнатная квартира · 83 м² · 16/18 этаж,77 000 000〒,"Бостандыкский р-н, Навои 208 — Торайгырова",3-комнатная квартира,83 м²,16,18,Нет,Да
3-комнатная квартира · 88 м² · 2/3 этаж,162 000 000〒,"Бостандыкский р-н, мкр Баганашыл, Рахмадиева 6",3-комнатная квартира,88 м²,2,3,Нет,Да
2-комнатная квартира · 67 м² · 4/6 этаж,65 000 000〒,"Бостандыкский р-н, Абиша Кекилбайулы 119А",2-комнатная квартира,67 м²,4,6,Нет,Нет
4-комнатная квартира · 112 м² · 2/14 этаж,98 000 000〒,"Бостандыкский р-н, Сулейменова 24а",4-комнатная квартира,112 м²,2,14,Нет,Да
2-комнатная квартира · 52 м² · 12/13 этаж,54 000 000〒,"Бостандыкский р-н, Утепова 20 — Розабакиева-Утепова",2-комнатная квартира,52 м²,12,13,Нет,Да
2-комнатная квартира · 50 м² · 6/17 этаж,46 000 000〒,"Бостандыкский р-н, Жандосова 94А",2-комнатная квартира,50 м²,6,17,Нет,Да
3-комнатная квартира · 140 м² · 18/22 этаж,107 000 000〒,"Бостандыкский р-н, Бухар жырау 27/5",3-комнатная квартира,140 м²,18,22,Нет,Да
4-комнатная квартира · 107 м² · 17/20 этаж,129 000 000〒,"Бостандыкский р-н, Гагарина 310",4-комнатная квартира,107 м²,17,20,Нет,Да
3-комнатная квартира · 94.1 м² · 13/14 этаж,85 000 000〒,"Бостандыкский р-н, мкр Орбита-1, Навои 210 — Мега, речка",3-комнатная квартира,94.1 м²,13,14,Нет,Да
3-комнатная квартира · 67 м² · 2/3 этаж,47 000 000〒,"Бостандыкский р-н, мкр Нурлытау (Энергетик), Мкрн. Нурлытау",3-комнатная квартира,67 м²,2,3,Нет,Да
